Table Size,Trace,IPC,Branch Accuracy (%),MPKI,Misprediction Rate (%)
1K,602.gcc_s,0.282009,92.2669,19.8244,7.7331
1K,605.mcf_s,0.328631,89.7756,25.3899,10.2244
1K,607.cactuBSSN_s,1.22474,99.42,0.0528,0.58
2K,602.gcc_s,0.282009,92.2669,19.8244,7.7331
2K,605.mcf_s,0.329169,89.9752,24.8943,10.0248
2K,607.cactuBSSN_s,1.22474,99.4189,0.0529,0.5811
4K,602.gcc_s,0.282009,92.2669,19.8244,7.7331
4K,605.mcf_s,0.329188,89.9781,24.8871,10.0219
4K,607.cactuBSSN_s,1.22473,99.4178,0.053,0.5822
8K,602.gcc_s,0.282009,92.2669,19.8244,7.7331
8K,605.mcf_s,0.329249,89.987,24.8649,10.013
8K,607.cactuBSSN_s,1.22473,99.4189,0.0529,0.5811
16K,602.gcc_s,0.282009,92.2669,19.8244,7.7331
16K,605.mcf_s,0.329249,89.987,24.8649,10.013
16K,607.cactuBSSN_s,1.22473,99.4189,0.0529,0.5811
