Trace,Predictor,IPC,Total Branches,Correct Predictions (approx.),Mispredictions (approx.),Branch Accuracy (%),Misprediction Rate (%),MPKI,L1I Miss Rate (%),L1D Miss Rate (%),LLC Miss Rate (%)
602.gcc_s,Bimodal,0.282009,2563586,2365342,198244,92.2669,7.7331,19.8244,0.0,8.0303,99.7548
602.gcc_s,GShare,0.318387,2563591,2472970,90621,96.4651,3.5349,9.0621,0.0,8.2703,99.7536
602.gcc_s,Perceptron,0.319787,2563591,2476780,86811,96.6137,3.3863,8.6811,0.0,8.2564,99.7536
605.mcf_s,Bimodal,0.329782,2483269,2236205,247064,90.0509,9.9491,24.7064,0.0,14.2181,42.9752
605.mcf_s,GShare,0.32882,2483280,2280105,203175,91.8183,8.1817,20.3175,0.0,14.3251,42.9949
605.mcf_s,Perceptron,0.348263,2483280,2302788,180492,92.7317,7.2683,18.0492,0.0,14.4001,42.9949
607.cactuBSSN_s,Bimodal,1.22459,91036,90435,601,99.3398,0.6602,0.0601,18.6137,18.6907,47.9713
607.cactuBSSN_s,GShare,1.22523,91036,90644,392,99.5694,0.4306,0.0392,18.612,18.6922,47.8652
607.cactuBSSN_s,Perceptron,1.22512,91036,90687,349,99.6166,0.3834,0.0349,18.6133,18.692,47.866
